{
  "RandomForest": {
    "roc_auc": 0.7958480489275562,
    "classification_report": {
      "0": {
        "precision": 0.8639705882352942,
        "recall": 0.951417004048583,
        "f1-score": 0.905587668593449,
        "support": 247.0
      },
      "1": {
        "precision": 0.45454545454545453,
        "recall": 0.2127659574468085,
        "f1-score": 0.2898550724637681,
        "support": 47.0
      },
      "accuracy": 0.8333333333333334,
      "macro avg": {
        "precision": 0.6592580213903744,
        "recall": 0.5820914807476958,
        "f1-score": 0.5977213705286085,
        "support": 294.0
      },
      "weighted avg": {
        "precision": 0.7985182709447416,
        "recall": 0.8333333333333334,
        "f1-score": 0.8071542263550305,
        "support": 294.0
      }
    },
    "confusion_matrix": [
      [
        235,
        12
      ],
      [
        37,
        10
      ]
    ]
  },
  "XGBoost": {
    "roc_auc": 0.7820656387285727,
    "classification_report": {
      "0": {
        "precision": 0.8888888888888888,
        "recall": 0.97165991902834,
        "f1-score": 0.9284332688588007,
        "support": 247.0
      },
      "1": {
        "precision": 0.7083333333333334,
        "recall": 0.3617021276595745,
        "f1-score": 0.4788732394366197,
        "support": 47.0
      },
      "accuracy": 0.8741496598639455,
      "macro avg": {
        "precision": 0.7986111111111112,
        "recall": 0.6666810233439573,
        "f1-score": 0.7036532541477102,
        "support": 294.0
      },
      "weighted avg": {
        "precision": 0.8600245653817082,
        "recall": 0.8741496598639455,
        "f1-score": 0.8565648287811051,
        "support": 294.0
      }
    },
    "confusion_matrix": [
      [
        240,
        7
      ],
      [
        30,
        17
      ]
    ]
  },
  "LogisticRegression": {
    "roc_auc": 0.795417348608838,
    "classification_report": {
      "0": {
        "precision": 0.908256880733945,
        "recall": 0.8016194331983806,
        "f1-score": 0.8516129032258064,
        "support": 247.0
      },
      "1": {
        "precision": 0.35526315789473684,
        "recall": 0.574468085106383,
        "f1-score": 0.43902439024390244,
        "support": 47.0
      },
      "accuracy": 0.7653061224489796,
      "macro avg": {
        "precision": 0.6317600193143409,
        "recall": 0.6880437591523818,
        "f1-score": 0.6453186467348544,
        "support": 294.0
      },
      "weighted avg": {
        "precision": 0.8198531223208743,
        "recall": 0.7653061224489796,
        "f1-score": 0.7856548756402639,
        "support": 294.0
      }
    },
    "confusion_matrix": [
      [
        198,
        49
      ],
      [
        20,
        27
      ]
    ]
  }
}